timestamp,latitude,longitude,elevation_m
2026-09-20 07:00:00,42.14794724459939,-71.03483057611804,50.46
2026-09-20 07:00:05,42.148106981878406,-71.03483049359531,50.13
2026-09-20 07:00:10,42.14825214865732,-71.03479091054297,49.87
2026-09-20 07:00:15,42.14836554169401,-71.03483795797872,48.91
2026-09-20 07:00:20,42.14851306713755,-71.03485119284993,50.2
2026-09-20 07:00:25,42.14864438711142,-71.03482931977878,51.78
2026-09-20 07:00:30,42.14877605880917,-71.03484540433404,48.95
2026-09-20 07:00:35,42.148901449525205,-71.03486171118044,50.3
2026-09-20 07:00:40,42.14904945875484,-71.03489550548122,50.28
2026-09-20 07:00:45,42.149173870160794,-71.03493351970839,50.54
2026-09-20 07:00:50,42.1492928314489,-71.0349944696183,49.52
2026-09-20 07:00:55,42.14945046517361,-71.0350290750175,49.13
2026-09-20 07:01:00,42.14958487241878,-71.03507403840794,49.13
2026-09-20 07:01:05,42.14971948533527,-71.03509475301256,51.26
2026-09-20 07:01:10,42.14986841038143,-71.03513867999031,49.36
2026-09-20 07:01:15,42.14999316010897,-71.03517719484174,49.69
2026-09-20 07:01:20,42.15012096847232,-71.03521691026089,51.71
2026-09-20 07:01:25,42.15026184940606,-71.03524893928954,49.37
2026-09-20 07:01:30,42.15036995672883,-71.0352941283664,50.16
2026-09-20 07:01:35,42.1505083631707,-71.03535371821064,50.65
2026-09-20 07:01:40,42.150629154246296,-71.0353880704863,50.52
2026-09-20 07:01:45,42.1507775442745,-71.03540108786305,48.55
2026-09-20 07:01:50,42.150919941455136,-71.03543805058908,48.94
2026-09-20 07:01:55,42.15105940728339,-71.03549421749001,49.64
2026-09-20 07:02:00,42.151162885165036,-71.03554069715561,50.82
2026-09-20 07:02:05,42.151291971377056,-71.03563440300758,48.54
2026-09-20 07:02:10,42.15140158160898,-71.03568481432892,48.63
2026-09-20 07:02:15,42.15153039777901,-71.03574313830156,49.22
2026-09-20 07:02:20,42.15161862724623,-71.03581578185543,49.24
2026-09-20 07:02:25,42.15171961200645,-71.03588588843448,49.14
2026-09-20 07:02:30,42.15186750927471,-71.03594966284301,47.76
2026-09-20 07:02:35,42.15200023633492,-71.03598208112145,47.85
2026-09-20 07:02:40,42.15211946480993,-71.03601385675334,48.28
2026-09-20 07:02:45,42.15222810471484,-71.03609495940428,48.95
2026-09-20 07:02:50,42.15233276314648,-71.03616807548794,47.57
2026-09-20 07:02:55,42.15245893617297,-71.0362422598282,47.56
2026-09-20 07:03:00,42.15257463893344,-71.03628739801775,46.57
2026-09-20 07:03:05,42.15272239741069,-71.03634983636233,48.69
2026-09-20 07:03:10,42.15283887426588,-71.03641514719233,47.12
2026-09-20 07:03:15,42.15295856888737,-71.03647161716752,47.66
2026-09-20 07:03:20,42.153051900759074,-71.0365563953463,46.61
2026-09-20 07:03:25,42.15316211276205,-71.03659653926188,46.45
2026-09-20 07:03:30,42.153280612976204,-71.03667045464947,44.96
2026-09-20 07:03:35,42.15338836708469,-71.03676606671594,44.23
2026-09-20 07:03:40,42.15349298978674,-71.03684845328476,46.73
2026-09-20 07:03:45,42.15361063478452,-71.03689790341335,45.56
2026-09-20 07:03:50,42.15374784112172,-71.03698793391075,45.43
2026-09-20 07:03:55,42.153859872450305,-71.03704704353486,44.04
2026-09-20 07:04:00,42.15398812103216,-71.0371447628639,44.08
2026-09-20 07:04:05,42.15410596124734,-71.0372472493445,45.41
2026-09-20 07:04:10,42.15423059614565,-71.03731757148987,45.72
2026-09-20 07:04:15,42.15432429949524,-71.03742547654866,43.59
2026-09-20 07:04:20,42.154423706072215,-71.03749478585719,44.38
2026-09-20 07:04:25,42.154521825856705,-71.03757658592129,43.74
2026-09-20 07:04:30,42.154631659783746,-71.03768864360684,43.25
2026-09-20 07:04:35,42.15474439548827,-71.03778313759014,44.58
2026-09-20 07:04:40,42.154844043406285,-71.03789021709055,42.48
2026-09-20 07:04:45,42.15495538977234,-71.03797744025468,43.59
2026-09-20 07:04:50,42.155040100868966,-71.03802967188751,42.65
2026-09-20 07:04:55,42.15514865673972,-71.03813642745801,42.07
2026-09-20 07:05:00,42.1552579927833,-71.03822310819208,42.93
2026-09-20 07:05:05,42.15535989577485,-71.03832302937388,41.81
2026-09-20 07:05:10,42.15545076321612,-71.03842416992276,41.25
2026-09-20 07:05:15,42.15555019945931,-71.03853096238942,42.18
2026-09-20 07:05:20,42.155619963680714,-71.03865524438575,41.82
2026-09-20 07:05:25,42.15570723289735,-71.03875255432426,41.53
2026-09-20 07:05:30,42.155794679365535,-71.03886569952064,37.21
2026-09-20 07:05:35,42.15585200519756,-71.0389944735939,40.42
2026-09-20 07:05:40,42.155939227344604,-71.03907908202636,39.99
2026-09-20 07:05:45,42.15599466361789,-71.03918632729297,39.54
2026-09-20 07:05:50,42.1560627762446,-71.03930232132193,39.81
2026-09-20 07:05:55,42.15613737482022,-71.03938235373215,39.29
2026-09-20 07:06:00,42.15619679897041,-71.03953826508538,39.38
2026-09-20 07:06:05,42.15626872074584,-71.0396218400238,38.38
2026-09-20 07:06:10,42.15633862845944,-71.03975712337315,39.56
2026-09-20 07:06:15,42.156391286102966,-71.03986758551459,38.75
2026-09-20 07:06:20,42.15646644836219,-71.03999779716106,38.32
2026-09-20 07:06:25,42.15651654718651,-71.04013677834627,38.06
2026-09-20 07:06:30,42.156618212819986,-71.04022386500752,38.36
2026-09-20 07:06:35,42.15667616583433,-71.04029898802034,38.03
2026-09-20 07:06:40,42.15671374279808,-71.04042389331296,36.9
2026-09-20 07:06:45,42.156752762035666,-71.04053644695193,37.57
2026-09-20 07:06:50,42.15682721288196,-71.0406563165318,36.71
2026-09-20 07:06:55,42.156872601041826,-71.04073745176082,37.89
2026-09-20 07:07:00,42.15689944162539,-71.04090991444608,37.04
2026-09-20 07:07:05,42.15696317694698,-71.04102433439336,35.46
2026-09-20 07:07:10,42.157002843214556,-71.04116543984436,37.63
2026-09-20 07:07:15,42.157059307317475,-71.04134557427282,33.89
2026-09-20 07:07:20,42.157118804735234,-71.04147925692813,35.9
2026-09-20 07:07:25,42.15716483720052,-71.04156143635937,34.65
2026-09-20 07:07:30,42.15724603920312,-71.04170320473746,36.54
2026-09-20 07:07:35,42.1572532816908,-71.04181137923572,35.07
2026-09-20 07:07:40,42.157274444017,-71.0419104296601,34.07
2026-09-20 07:07:45,42.157303491397094,-71.04203850994365,34.33
2026-09-20 07:07:50,42.15737459534578,-71.04216389188268,33.82
2026-09-20 07:07:55,42.157435649437,-71.04233299657615,34.0
2026-09-20 07:08:00,42.15748584096087,-71.04247890781316,33.84
2026-09-20 07:08:05,42.15749765707318,-71.04258690868008,33.37
2026-09-20 07:08:10,42.15750954163271,-71.0427151997399,34.06
2026-09-20 07:08:15,42.15751681075581,-71.04283656840164,34.03
2026-09-20 07:08:20,42.157522889445524,-71.04296374023419,32.81
2026-09-20 07:08:25,42.15756677474748,-71.04304262204933,32.17
2026-09-20 07:08:30,42.15757831680874,-71.0431835668588,33.64
2026-09-20 07:08:35,42.15759018069847,-71.04327670811898,33.72
2026-09-20 07:08:40,42.157615537881824,-71.0434047285355,33.79
2026-09-20 07:08:45,42.157596281031616,-71.04349609669956,33.56
2026-09-20 07:08:50,42.15760502768,-71.04365641445364,34.3
2026-09-20 07:08:55,42.157591679728625,-71.0437835877038,33.77
2026-09-20 07:09:00,42.15759035934948,-71.04392446277525,35.05
2026-09-20 07:09:05,42.15758193294368,-71.0440528050306,35.33
2026-09-20 07:09:10,42.15757060347872,-71.04415562515335,31.39
2026-09-20 07:09:15,42.15757236867552,-71.04427831939466,31.0
2026-09-20 07:09:20,42.15757205627771,-71.04438112747204,32.72
2026-09-20 07:09:25,42.157562033592214,-71.04452844303526,33.1
2026-09-20 07:09:30,42.15756033470522,-71.04467925968278,32.61
2026-09-20 07:09:35,42.15753497364966,-71.0448101709481,33.22
2026-09-20 07:09:40,42.15753471705955,-71.04494222184535,32.43
2026-09-20 07:09:45,42.15751694788695,-71.0450775651806,32.09
2026-09-20 07:09:50,42.15749233834569,-71.04523092388112,32.22
2026-09-20 07:09:55,42.1574603038513,-71.04533318453046,32.5
2026-09-20 07:10:00,42.15743596011136,-71.04547200348267,33.36
2026-09-20 07:10:05,42.15744655920371,-71.04556835621564,32.32
2026-09-20 07:10:10,42.15742137585262,-71.04569772035511,32.51
2026-09-20 07:10:15,42.15737532432049,-71.0458117562461,33.24
2026-09-20 07:10:20,42.157363377164785,-71.04592756480676,32.67
2026-09-20 07:10:25,42.15732515969834,-71.04607556561663,33.77
2026-09-20 07:10:30,42.15729820092686,-71.04619505367151,32.2
2026-09-20 07:10:35,42.15725374854765,-71.04627728669196,32.09
2026-09-20 07:10:40,42.157240335527256,-71.04639858218447,33.32
2026-09-20 07:10:45,42.15719227447457,-71.04650406113493,33.48
2026-09-20 07:10:50,42.1571770542613,-71.04661392002372,32.55
2026-09-20 07:10:55,42.15711713988881,-71.04673233494383,34.41
2026-09-20 07:11:00,42.1570685413251,-71.04685301632487,34.97
2026-09-20 07:11:05,42.1570476397629,-71.04696458748892,33.03
2026-09-20 07:11:10,42.15700331609678,-71.04707043860105,34.83
2026-09-20 07:11:15,42.15699388273705,-71.04722551548811,31.85
2026-09-20 07:11:20,42.156938167666524,-71.04734220048074,34.74
2026-09-20 07:11:25,42.156889793378156,-71.04746835277265,33.32
2026-09-20 07:11:30,42.15686838362926,-71.04759866726938,34.92
2026-09-20 07:11:35,42.156785367982394,-71.04768843907112,33.51
2026-09-20 07:11:40,42.15669836381777,-71.04782527546158,34.36
2026-09-20 07:11:45,42.15662427146341,-71.04797690841933,33.92
2026-09-20 07:11:50,42.156576505297984,-71.048076064894,34.55
2026-09-20 07:11:55,42.156484590996314,-71.04822662171328,36.34
2026-09-20 07:12:00,42.15642948305885,-71.04838826935958,34.95
2026-09-20 07:12:05,42.15637138545664,-71.04848214287051,36.89
2026-09-20 07:12:10,42.156337548638604,-71.04859276541792,35.07
2026-09-20 07:12:15,42.156285042063196,-71.0486950366316,36.75
2026-09-20 07:12:20,42.1562189057275,-71.04881791458253,34.43
2026-09-20 07:12:25,42.156168462556124,-71.04896200873866,35.69
2026-09-20 07:12:30,42.15610199353392,-71.04910040249298,35.68
2026-09-20 07:12:35,42.15601638957811,-71.04921621490566,37.53
2026-09-20 07:12:40,42.15591716351695,-71.04935454834873,36.64
2026-09-20 07:12:45,42.15582635440723,-71.04945455562034,35.02
2026-09-20 07:12:50,42.15574317566817,-71.04957159984374,35.84
2026-09-20 07:12:55,42.15566215163262,-71.04967224822195,36.28
2026-09-20 07:13:00,42.15553915357584,-71.04977245079438,38.05
2026-09-20 07:13:05,42.15544807319526,-71.04986601943534,38.15
2026-09-20 07:13:10,42.155359778247956,-71.0499557380831,37.48
2026-09-20 07:13:15,42.155279021253776,-71.05006412847086,37.49
2026-09-20 07:13:20,42.15521561583158,-71.05015883777159,38.72
2026-09-20 07:13:25,42.15512552043669,-71.05025106497567,37.46
2026-09-20 07:13:30,42.15501480168765,-71.05040485137073,38.95
2026-09-20 07:13:35,42.15488674291567,-71.05048482876742,39.1
2026-09-20 07:13:40,42.154801038815826,-71.05057520011303,38.81
2026-09-20 07:13:45,42.15468671399756,-71.05065447329675,39.57
2026-09-20 07:13:50,42.15460133827464,-71.05077603463491,39.55
2026-09-20 07:13:55,42.15452386123709,-71.0508733275313,40.09
2026-09-20 07:14:00,42.15439360687459,-71.05098752110915,38.85
2026-09-20 07:14:05,42.154298693657495,-71.05105701262374,40.64
2026-09-20 07:14:10,42.154215381680956,-71.05117576467006,41.19
2026-09-20 07:14:15,42.15412599606014,-71.05128183808989,40.85
2026-09-20 07:14:20,42.15398087943709,-71.05135195512446,41.3
2026-09-20 07:14:25,42.15385624095154,-71.0514480315037,40.96
2026-09-20 07:14:30,42.15372292217808,-71.05154966275852,41.98
2026-09-20 07:14:35,42.15361993282819,-71.0516065128503,41.54
2026-09-20 07:14:40,42.15351383999679,-71.0516608683515,40.8
2026-09-20 07:14:45,42.15335220389621,-71.05171900027021,42.59
2026-09-20 07:14:50,42.15323134090748,-71.05177258688622,40.85
2026-09-20 07:14:55,42.15312862746517,-71.05185007062974,42.6
2026-09-20 07:15:00,42.15301341997178,-71.05192532871008,42.28
2026-09-20 07:15:05,42.152897123748204,-71.0520094397193,42.44
2026-09-20 07:15:10,42.15277085558385,-71.05207269703126,43.15
2026-09-20 07:15:15,42.152631446558644,-71.05215072430877,42.65
2026-09-20 07:15:20,42.152509266485225,-71.05222487014282,43.84
2026-09-20 07:15:25,42.15238733563663,-71.0522730015034,43.68
2026-09-20 07:15:30,42.15227431538231,-71.05230567647503,43.34
2026-09-20 07:15:35,42.15216180664178,-71.05235520682118,45.1
2026-09-20 07:15:40,42.15203773996918,-71.05237012411058,44.39
2026-09-20 07:15:45,42.15193045572139,-71.05244227591865,44.93
2026-09-20 07:15:50,42.151796645500596,-71.05253941014398,45.74
2026-09-20 07:15:55,42.15164334093835,-71.05257462728675,45.92
2026-09-20 07:16:00,42.151522841126514,-71.05264315188974,45.44
2026-09-20 07:16:05,42.15139545905941,-71.05269817952359,44.91
2026-09-20 07:16:10,42.151273829536414,-71.05278672159695,44.18
2026-09-20 07:16:15,42.15112071007167,-71.05285296532851,45.66
2026-09-20 07:16:20,42.151020329426885,-71.05293164686783,46.54
2026-09-20 07:16:25,42.15090041942375,-71.0529833589236,46.11
2026-09-20 07:16:30,42.15076243722274,-71.05303233576258,43.22
2026-09-20 07:16:35,42.15061254697308,-71.05306808240812,46.83
2026-09-20 07:16:40,42.1504972779955,-71.0530749054091,47.02
2026-09-20 07:16:45,42.150343383845566,-71.05309317747101,46.18
2026-09-20 07:16:50,42.15024777556682,-71.05316383001367,47.35
2026-09-20 07:16:55,42.15010143679771,-71.05318006294885,47.19
2026-09-20 07:17:00,42.1499954438583,-71.05320615561658,46.27
2026-09-20 07:17:05,42.1498557262948,-71.05323534260602,47.95
2026-09-20 07:17:10,42.14974647270698,-71.05326090537405,46.04
2026-09-20 07:17:15,42.149596372319145,-71.05327925187383,47.12
2026-09-20 07:17:20,42.14945910963539,-71.05331687233918,47.14
2026-09-20 07:17:25,42.149335276059325,-71.05334061152217,46.71
2026-09-20 07:17:30,42.14920866698479,-71.0533302643973,47.7
2026-09-20 07:17:35,42.14908947386364,-71.05336255512788,48.6
2026-09-20 07:17:40,42.1489422917203,-71.05340065402002,48.63
2026-09-20 07:17:45,42.14880491809363,-71.05341404374256,48.28
2026-09-20 07:17:50,42.148687718389375,-71.05345075228024,46.42
2026-09-20 07:17:55,42.14853622761233,-71.05349953902332,46.77
2026-09-20 07:18:00,42.14840696476453,-71.05351393998573,48.03
2026-09-20 07:18:05,42.148263780695494,-71.05348417412435,47.92
2026-09-20 07:18:10,42.14812797445016,-71.05348758560862,47.6
2026-09-20 07:18:15,42.147990023618874,-71.05348398647219,49.56
2026-09-20 07:18:20,42.14783681945244,-71.05353293380678,48.16
2026-09-20 07:18:25,42.147692872140325,-71.05351943530076,48.53
2026-09-20 07:18:30,42.14755607829405,-71.05351217671463,48.91
2026-09-20 07:18:35,42.14741504630915,-71.05352090931797,48.18
2026-09-20 07:18:40,42.14730342377399,-71.05350783232548,50.22
2026-09-20 07:18:45,42.147182111640205,-71.0534931047226,47.4
2026-09-20 07:18:50,42.14704839055758,-71.05350548702106,47.66
2026-09-20 07:18:55,42.146896465153844,-71.053483183587,47.38
2026-09-20 07:19:00,42.14674370997344,-71.0534386011361,49.37
2026-09-20 07:19:05,42.14664012799124,-71.05342574637557,48.74
2026-09-20 07:19:10,42.14648467803931,-71.05342610389911,47.64
2026-09-20 07:19:15,42.14634919261758,-71.05340832623199,47.35
2026-09-20 07:19:20,42.146218374830404,-71.0533643498134,49.11
2026-09-20 07:19:25,42.14607618115556,-71.05336758253675,48.25
2026-09-20 07:19:30,42.14592231448848,-71.05332640794794,49.04
2026-09-20 07:19:35,42.14577267937607,-71.05331301627143,47.8
2026-09-20 07:19:40,42.145627672420055,-71.0532760913041,48.2
2026-09-20 07:19:45,42.14548030483697,-71.05325634718534,47.96
2026-09-20 07:19:50,42.145369067185506,-71.05323484044145,47.15
2026-09-20 07:19:55,42.14523500366872,-71.05316223312776,47.46
2026-09-20 07:20:00,42.14509251464501,-71.05315695120642,46.54
2026-09-20 07:20:05,42.14496165146551,-71.05310519757325,47.79
2026-09-20 07:20:10,42.144841221958636,-71.05302227109776,47.91
2026-09-20 07:20:15,42.144703744982316,-71.05296221685437,48.0
2026-09-20 07:20:20,42.14458874134924,-71.05294793433457,47.63
2026-09-20 07:20:25,42.14443645613627,-71.0529307164716,46.89
2026-09-20 07:20:30,42.14432760322842,-71.05289924499613,48.12
2026-09-20 07:20:35,42.14419887906437,-71.05284458014482,47.47
2026-09-20 07:20:40,42.14407025992165,-71.05278657373253,47.75
2026-09-20 07:20:45,42.14393117938361,-71.0527621529415,47.67
2026-09-20 07:20:50,42.14378358948552,-71.05272661041683,46.28
2026-09-20 07:20:55,42.14362919468886,-71.0526879193564,46.55
2026-09-20 07:21:00,42.14349149347362,-71.05263266462043,46.72
2026-09-20 07:21:05,42.143378317902695,-71.05252467231905,45.04
2026-09-20 07:21:10,42.143239007631735,-71.05248381249653,44.91
2026-09-20 07:21:15,42.14309040126773,-71.05244233072013,44.62
2026-09-20 07:21:20,42.142953965799,-71.05240289079241,45.42
2026-09-20 07:21:25,42.14282771306492,-71.05232012076752,45.08
2026-09-20 07:21:30,42.142703190940125,-71.05225169763725,44.03
2026-09-20 07:21:35,42.142583522893474,-71.05220183265872,45.14
2026-09-20 07:21:40,42.14248525120426,-71.05213780598811,44.77
2026-09-20 07:21:45,42.14239188246487,-71.05208231858589,45.63
2026-09-20 07:21:50,42.142312872720254,-71.05199963791037,46.12
2026-09-20 07:21:55,42.14217156166995,-71.05185910189613,44.7
2026-09-20 07:22:00,42.142044880427214,-71.05176734861152,43.6
2026-09-20 07:22:05,42.14194658101242,-71.05168927028411,44.49
2026-09-20 07:22:10,42.14182936587763,-71.05162318896386,43.8
2026-09-20 07:22:15,42.14173639016237,-71.05157163114745,43.42
2026-09-20 07:22:20,42.14163326402832,-71.05146964295426,42.74
2026-09-20 07:22:25,42.14155542279828,-71.05136749776068,42.87
2026-09-20 07:22:30,42.14146952345003,-71.05129094033784,42.91
2026-09-20 07:22:35,42.14138528596366,-71.05117338191474,43.51
2026-09-20 07:22:40,42.14127666335947,-71.05108255045353,43.08
2026-09-20 07:22:45,42.1411749211482,-71.05097258352316,43.95
2026-09-20 07:22:50,42.1410709510686,-71.05087255392743,42.83
2026-09-20 07:22:55,42.14094741704562,-71.05078235750833,42.44
2026-09-20 07:23:00,42.14087738192526,-71.05070919140181,41.67
2026-09-20 07:23:05,42.14079611333855,-71.0506156538878,40.89
2026-09-20 07:23:10,42.14069726690026,-71.05049756232982,41.07
2026-09-20 07:23:15,42.14062876155246,-71.05041005827589,40.78
2026-09-20 07:23:20,42.14052795240668,-71.05029897725304,39.1
2026-09-20 07:23:25,42.14040757037498,-71.05022258738127,40.15
2026-09-20 07:23:30,42.14033849076567,-71.05010108987193,42.05
2026-09-20 07:23:35,42.140231026455005,-71.0499894419059,40.87
2026-09-20 07:23:40,42.140144085057635,-71.04991237376511,40.09
2026-09-20 07:23:45,42.14006578089797,-71.04981112235212,40.52
2026-09-20 07:23:50,42.13999224024952,-71.04968152775196,38.46
2026-09-20 07:23:55,42.139928437287274,-71.0496025043027,40.06
2026-09-20 07:24:00,42.13986161826422,-71.04951799151344,40.67
2026-09-20 07:24:05,42.13979593499825,-71.04940883389908,39.38
2026-09-20 07:24:10,42.13970850778815,-71.04924672762891,37.88
2026-09-20 07:24:15,42.13964175554112,-71.04914979449472,38.79
2026-09-20 07:24:20,42.13954526273792,-71.04902436222163,39.97
2026-09-20 07:24:25,42.13950413454825,-71.04890353474255,38.98
2026-09-20 07:24:30,42.139412930054945,-71.04880182511081,37.47
2026-09-20 07:24:35,42.13934195296131,-71.04868152419859,40.34
2026-09-20 07:24:40,42.1392557544568,-71.04857471391719,37.28
2026-09-20 07:24:45,42.13918163861256,-71.0484649371009,37.92
2026-09-20 07:24:50,42.1391223257213,-71.0483850747542,37.13
2026-09-20 07:24:55,42.13905535071618,-71.04826582333314,36.98
2026-09-20 07:25:00,42.13901945027983,-71.04812402625562,37.3
2026-09-20 07:25:05,42.13896935282675,-71.04800132917639,38.02
2026-09-20 07:25:10,42.138909047136735,-71.04785355322456,38.4
2026-09-20 07:25:15,42.13885636000721,-71.04771711144724,36.92
2026-09-20 07:25:20,42.138829202043446,-71.04759508701191,36.29
2026-09-20 07:25:25,42.13879849212147,-71.04748581985763,37.35
2026-09-20 07:25:30,42.13873387782264,-71.04737259369978,37.24
2026-09-20 07:25:35,42.13867917273608,-71.04728198153168,36.91
2026-09-20 07:25:40,42.13864657590157,-71.04716242689149,36.82
2026-09-20 07:25:45,42.13861377428072,-71.04703259111913,36.39
2026-09-20 07:25:50,42.13855835898881,-71.046865235334,36.45
2026-09-20 07:25:55,42.13853633527766,-71.04672538051342,36.12
2026-09-20 07:26:00,42.13848758272933,-71.0466179118308,37.02
2026-09-20 07:26:05,42.13847914438802,-71.04652355282336,37.85
2026-09-20 07:26:10,42.13845912284605,-71.04639971570138,36.12
2026-09-20 07:26:15,42.13841201814774,-71.04625148458402,35.89
2026-09-20 07:26:20,42.138377417831656,-71.04612723854909,36.02
2026-09-20 07:26:25,42.138344484564435,-71.04598468122002,35.21
2026-09-20 07:26:30,42.1383258748733,-71.0458588702374,36.28
2026-09-20 07:26:35,42.13830288466343,-71.0457116060291,35.95
2026-09-20 07:26:40,42.13826541962295,-71.04561865883058,35.2
2026-09-20 07:26:45,42.13822559348826,-71.04545000338291,36.2
2026-09-20 07:26:50,42.13822172973885,-71.04534520700737,35.45
2026-09-20 07:26:55,42.1382152658304,-71.04519529586825,34.61
2026-09-20 07:27:00,42.13820763913047,-71.04507037557406,35.63
2026-09-20 07:27:05,42.13820489831859,-71.04494165378303,35.5
2026-09-20 07:27:10,42.138188604692985,-71.04481579801882,36.05
2026-09-20 07:27:15,42.13818834785557,-71.04467816999494,35.92
2026-09-20 07:27:20,42.13823125279432,-71.04453574747522,35.15
2026-09-20 07:27:25,42.13825231582724,-71.04437915170632,34.84
2026-09-20 07:27:30,42.13824980553096,-71.04421433392247,35.21
2026-09-20 07:27:35,42.1382451888383,-71.04407493753871,35.5
2026-09-20 07:27:40,42.13820171694965,-71.04390303406716,35.6
2026-09-20 07:27:45,42.13822893090051,-71.04376944649184,35.46
2026-09-20 07:27:50,42.13825321059293,-71.04361277577361,35.16
2026-09-20 07:27:55,42.13825622725788,-71.04347155718605,36.04
2026-09-20 07:28:00,42.138245714799886,-71.04335357989669,34.73
2026-09-20 07:28:05,42.13824202424647,-71.04321859016548,37.28
2026-09-20 07:28:10,42.13826828410946,-71.04307624679774,35.94
2026-09-20 07:28:15,42.13828719555024,-71.04294679076065,34.46
2026-09-20 07:28:20,42.13832173673122,-71.04280713190073,35.56
2026-09-20 07:28:25,42.13834767228632,-71.04265712129454,36.07
2026-09-20 07:28:30,42.1383909652795,-71.04252841021085,35.23
2026-09-20 07:28:35,42.138425781415926,-71.04246893168273,34.37
2026-09-20 07:28:40,42.1384705823404,-71.04230086699424,34.79
2026-09-20 07:28:45,42.13846631467508,-71.04217981436419,36.13
2026-09-20 07:28:50,42.13847894361651,-71.04207160721666,34.36
2026-09-20 07:28:55,42.1385087183236,-71.04197097001288,34.68
2026-09-20 07:29:00,42.13856566442403,-71.04185226383646,36.35
2026-09-20 07:29:05,42.138638534195586,-71.0417394226456,35.83
2026-09-20 07:29:10,42.13867757192514,-71.04163124539836,35.54
2026-09-20 07:29:15,42.1387106942393,-71.04152235507027,35.79
2026-09-20 07:29:20,42.138722227941514,-71.04138549736933,35.1
2026-09-20 07:29:25,42.13878492008643,-71.04121388958676,36.77
2026-09-20 07:29:30,42.13882477428968,-71.04107146482332,35.84
2026-09-20 07:29:35,42.1389278290166,-71.04092260195927,36.17
2026-09-20 07:29:40,42.13896809763089,-71.04080981559032,36.98
2026-09-20 07:29:45,42.139059940218125,-71.04068639613844,36.62
2026-09-20 07:29:50,42.139129895539305,-71.04055614719309,36.38
2026-09-20 07:29:55,42.13917061448028,-71.04045228876305,35.47
2026-09-20 07:30:00,42.139235176853745,-71.04034372488287,37.48
2026-09-20 07:30:05,42.13931096305501,-71.04020580612438,37.38
2026-09-20 07:30:10,42.139371110993615,-71.04006318552973,37.03
2026-09-20 07:30:15,42.139451616966085,-71.03994556370898,36.75
2026-09-20 07:30:20,42.13953349545499,-71.03985861600194,37.73
2026-09-20 07:30:25,42.13961327830702,-71.0397513861837,38.24
2026-09-20 07:30:30,42.139684077632985,-71.0396721231044,38.07
2026-09-20 07:30:35,42.13973633993426,-71.03955807757416,39.45
2026-09-20 07:30:40,42.13980949925588,-71.03944078152533,38.85
2026-09-20 07:30:45,42.13988876307738,-71.03933691175882,38.35
2026-09-20 07:30:50,42.13993382151904,-71.03922200384487,39.17
2026-09-20 07:30:55,42.140016287122116,-71.0391040317257,38.77
2026-09-20 07:31:00,42.14009573818929,-71.03899092190977,38.92
2026-09-20 07:31:05,42.140155834008986,-71.03891330974739,40.08
2026-09-20 07:31:10,42.140234377703585,-71.0388144715599,38.48
2026-09-20 07:31:15,42.14031487630846,-71.03870115257791,39.37
2026-09-20 07:31:20,42.14043613461247,-71.03856144904323,40.46
2026-09-20 07:31:25,42.14052904927412,-71.03846657766078,39.91
2026-09-20 07:31:30,42.140637758424184,-71.03835352432708,39.53
2026-09-20 07:31:35,42.14072780861725,-71.0382339917597,38.62
2026-09-20 07:31:40,42.1407886528189,-71.0381410596094,38.32
2026-09-20 07:31:45,42.140895483288205,-71.03801769225431,41.96
2026-09-20 07:31:50,42.140980508510246,-71.03789435580101,40.71
2026-09-20 07:31:55,42.141072607465176,-71.03776813559985,40.15
2026-09-20 07:32:00,42.141153579975736,-71.03766499121798,41.06
2026-09-20 07:32:05,42.14125562582696,-71.03751836393201,40.18
2026-09-20 07:32:10,42.14137639346849,-71.0374432680431,40.83
2026-09-20 07:32:15,42.14149619780668,-71.03730497576488,40.5
2026-09-20 07:32:20,42.1416287560472,-71.037200062716,40.28
2026-09-20 07:32:25,42.14176510164166,-71.03708309050177,39.88
2026-09-20 07:32:30,42.14183676222255,-71.03700671613682,40.44
2026-09-20 07:32:35,42.14192458643606,-71.03690434898516,42.69
2026-09-20 07:32:40,42.14200290963415,-71.03678972906489,41.23
2026-09-20 07:32:45,42.14212510966956,-71.03673589188226,42.6
2026-09-20 07:32:50,42.142225343567816,-71.03666178215082,43.09
2026-09-20 07:32:55,42.14233031582382,-71.03663583992108,42.48
2026-09-20 07:33:00,42.14244120369127,-71.03656516150635,42.37
2026-09-20 07:33:05,42.14256369272272,-71.03651108060028,42.86
2026-09-20 07:33:10,42.142654631227614,-71.0364444712138,42.56
2026-09-20 07:33:15,42.14275060740659,-71.03630538385885,44.0
2026-09-20 07:33:20,42.14286966756952,-71.03619633487011,44.67
2026-09-20 07:33:25,42.143010690919624,-71.03616334982338,44.46
2026-09-20 07:33:30,42.143131319713085,-71.03608495551875,41.71
2026-09-20 07:33:35,42.14323953342696,-71.03600247487036,43.21
2026-09-20 07:33:40,42.14332498782834,-71.03594845988998,43.69
2026-09-20 07:33:45,42.14346558003043,-71.03588394723376,44.18
2026-09-20 07:33:50,42.1435775571562,-71.03581881766482,42.54
2026-09-20 07:33:55,42.14368321908847,-71.03579364469651,42.65
2026-09-20 07:34:00,42.14377980610979,-71.03576274776363,45.2
2026-09-20 07:34:05,42.14388204845953,-71.0357051923812,43.81
2026-09-20 07:34:10,42.143993445229405,-71.03565108807248,43.18
2026-09-20 07:34:15,42.14411824384518,-71.03561777741601,43.58
2026-09-20 07:34:20,42.14422683456542,-71.0355882434278,44.88
2026-09-20 07:34:25,42.14436052282919,-71.03554385932604,44.0
2026-09-20 07:34:30,42.14448735000889,-71.03547823704892,44.94
2026-09-20 07:34:35,42.14465799574225,-71.03543709441394,44.05
2026-09-20 07:34:40,42.14476064106703,-71.03535767762935,43.52
2026-09-20 07:34:45,42.144896517592834,-71.03533472832356,46.13
2026-09-20 07:34:50,42.14503319779958,-71.03529262683792,45.39
2026-09-20 07:34:55,42.14514937766135,-71.03526524762277,44.87
2026-09-20 07:35:00,42.145285767840576,-71.03521747398153,44.79
2026-09-20 07:35:05,42.1454344482493,-71.03520382191964,46.44
2026-09-20 07:35:10,42.145571835704466,-71.03512813211786,45.79
2026-09-20 07:35:15,42.14573218468956,-71.0351395922008,46.29
2026-09-20 07:35:20,42.14583067990287,-71.0350725898588,44.95
2026-09-20 07:35:25,42.145952910505976,-71.0350457680329,45.5
2026-09-20 07:35:30,42.14611601219037,-71.03500990150073,45.82
2026-09-20 07:35:35,42.14626960445246,-71.03495745775137,45.1
2026-09-20 07:35:40,42.146417006885684,-71.03491812564867,45.49
2026-09-20 07:35:45,42.146576795152214,-71.03491810077429,45.13
2026-09-20 07:35:50,42.14668176863123,-71.03488858907228,45.93
2026-09-20 07:35:55,42.146834374116324,-71.03483107283928,44.57
2026-09-20 07:36:00,42.14699186864869,-71.03484039132444,46.1
2026-09-20 07:36:05,42.147119403496816,-71.03478072301036,45.9
2026-09-20 07:36:10,42.147304549758985,-71.03476379559514,45.49
2026-09-20 07:36:15,42.147447270333544,-71.03476806471352,46.01
2026-09-20 07:36:20,42.14754830167781,-71.03478506998842,45.35
2026-09-20 07:36:25,42.14769437836222,-71.03478816698666,45.1
2026-09-20 07:36:30,42.14782122424003,-71.03483399168202,46.05
2026-09-20 07:36:35,42.147981010008394,-71.0348453945218,46.07
2026-09-20 07:36:40,42.148129969937415,-71.03485509552074,45.17
2026-09-20 07:36:45,42.14825883083996,-71.03488581904988,45.07
2026-09-20 07:36:50,42.14842431303698,-71.03487546410237,45.36
2026-09-20 07:36:55,42.14857982814209,-71.0348897866984,45.03
2026-09-20 07:37:00,42.14870429332178,-71.03491582657314,46.65
2026-09-20 07:37:05,42.148840391464,-71.0349364283162,45.64
2026-09-20 07:37:10,42.1489879731194,-71.03494286565137,45.35
2026-09-20 07:37:15,42.14911991097903,-71.03495782581781,44.53
2026-09-20 07:37:20,42.14925210291938,-71.03499291333334,45.81
2026-09-20 07:37:25,42.14939048622416,-71.03501037924252,44.67
2026-09-20 07:37:30,42.149509270975315,-71.0350338676306,44.57
2026-09-20 07:37:35,42.14960730228899,-71.03508488835948,45.64
2026-09-20 07:37:40,42.149748164642965,-71.03511770000908,45.26
2026-09-20 07:37:45,42.14984966811221,-71.0351318991317,42.87
2026-09-20 07:37:50,42.14996814303797,-71.03514811223032,44.67
2026-09-20 07:37:55,42.15007254222441,-71.03518507583354,44.81
2026-09-20 07:38:00,42.15017860048575,-71.03520249147637,44.35
2026-09-20 07:38:05,42.15032040792994,-71.03526079507948,44.66
2026-09-20 07:38:10,42.15045032674029,-71.03532018596373,42.99
2026-09-20 07:38:15,42.15057903797776,-71.0353649351424,42.07
2026-09-20 07:38:20,42.15068865845513,-71.03537025147625,43.46
2026-09-20 07:38:25,42.150809186198785,-71.03540882246074,44.36
2026-09-20 07:38:30,42.15094710150613,-71.0354595201137,41.45
2026-09-20 07:38:35,42.15107683956638,-71.03546909209776,43.24
2026-09-20 07:38:40,42.151221157111166,-71.03552360432701,42.27
2026-09-20 07:38:45,42.1513672249234,-71.03552041546851,43.5
2026-09-20 07:38:50,42.151491246303685,-71.03558371976824,45.14
2026-09-20 07:38:55,42.15158650431699,-71.03566055935933,43.28
2026-09-20 07:39:00,42.151700096285865,-71.03571919101611,43.25
2026-09-20 07:39:05,42.15182436281077,-71.03578148645681,43.89
2026-09-20 07:39:10,42.151935892036704,-71.03585865540099,43.11
2026-09-20 07:39:15,42.1520416623131,-71.03585711840401,42.79
2026-09-20 07:39:20,42.15216616603391,-71.03591109680647,43.58
2026-09-20 07:39:25,42.152330987927826,-71.03596330632992,43.09
2026-09-20 07:39:30,42.152443817387876,-71.03603900431233,42.81
2026-09-20 07:39:35,42.15256413409546,-71.03611907078344,42.33
2026-09-20 07:39:40,42.15266054078931,-71.0361629600983,42.04
2026-09-20 07:39:45,42.152800572914565,-71.03627215511295,42.91
2026-09-20 07:39:50,42.152933088623264,-71.03637037953327,41.78
2026-09-20 07:39:55,42.153063302059735,-71.03644906958858,42.89
2026-09-20 07:40:00,42.15320208147549,-71.03649163926009,40.94
2026-09-20 07:40:05,42.15330847557851,-71.03657644642598,42.78
2026-09-20 07:40:10,42.15341588652362,-71.03664414630379,41.88
2026-09-20 07:40:15,42.15355728512576,-71.03672252418379,40.59
2026-09-20 07:40:20,42.15367864034364,-71.03677249523548,41.63
2026-09-20 07:40:25,42.15374890334757,-71.03689188231881,40.57
2026-09-20 07:40:30,42.15386465411205,-71.03695802074385,40.98
2026-09-20 07:40:35,42.1539610043584,-71.0370476544138,40.43
2026-09-20 07:40:40,42.15408192229857,-71.03711222594917,40.58
2026-09-20 07:40:45,42.15419295035902,-71.03721933963696,41.3
2026-09-20 07:40:50,42.154265069712025,-71.03730795982993,40.83
2026-09-20 07:40:55,42.15437094901221,-71.0374009528946,39.38
2026-09-20 07:41:00,42.15447442315692,-71.03751652706505,39.3
2026-09-20 07:41:05,42.1545791608174,-71.03763999868339,40.24
2026-09-20 07:41:10,42.15468617717083,-71.03774828919119,40.16
2026-09-20 07:41:15,42.15480783559242,-71.03784113526714,39.22
2026-09-20 07:41:20,42.15490910951568,-71.0379561764704,40.91
2026-09-20 07:41:25,42.15500206076207,-71.03806241805007,40.16
2026-09-20 07:41:30,42.15511317320014,-71.0382065856618,38.89
2026-09-20 07:41:35,42.15524189844736,-71.0383162520627,38.69
2026-09-20 07:41:40,42.155345870195895,-71.0383942473535,38.97
2026-09-20 07:41:45,42.15543588793744,-71.03848093212099,38.77
2026-09-20 07:41:50,42.1555282823366,-71.0385874541351,39.92
2026-09-20 07:41:55,42.15561599417776,-71.03868732076799,39.59
2026-09-20 07:42:00,42.15569793926159,-71.03881357888102,38.72
2026-09-20 07:42:05,42.1558157796869,-71.03888310122872,39.13
2026-09-20 07:42:10,42.15588102742514,-71.03894324374343,39.14
2026-09-20 07:42:15,42.15597789523747,-71.03904930545396,38.43
2026-09-20 07:42:20,42.15605069371125,-71.03909919684305,38.61
2026-09-20 07:42:25,42.15609811726567,-71.03922721568384,38.67
2026-09-20 07:42:30,42.15616641835211,-71.03936967748457,38.49
2026-09-20 07:42:35,42.156226728014595,-71.03950033130583,37.38
2026-09-20 07:42:40,42.15630495356645,-71.03962036376518,37.38
2026-09-20 07:42:45,42.15637292478792,-71.03968161738577,37.61
2026-09-20 07:42:50,42.15641966624529,-71.0398049032499,37.19
2026-09-20 07:42:55,42.15650820911363,-71.03994269292356,36.51
2026-09-20 07:43:00,42.15658830030701,-71.04008223699057,38.15
2026-09-20 07:43:05,42.156675254914965,-71.04017453170907,37.82
2026-09-20 07:43:10,42.156736807208794,-71.04027098208182,36.41
2026-09-20 07:43:15,42.156791762285394,-71.04040316004496,37.23
2026-09-20 07:43:20,42.1568577997801,-71.04056886031128,37.21
2026-09-20 07:43:25,42.15689959030352,-71.04071765877438,37.45
2026-09-20 07:43:30,42.156951886281206,-71.04079995288548,36.39
2026-09-20 07:43:35,42.15699696392261,-71.04090725569624,36.13
2026-09-20 07:43:40,42.15701768812825,-71.04102989600659,37.59
2026-09-20 07:43:45,42.15706428840704,-71.04111062972015,35.91
2026-09-20 07:43:50,42.157099049626154,-71.04118984189019,36.91
2026-09-20 07:43:55,42.15713536846895,-71.0413166386895,36.81
2026-09-20 07:44:00,42.15718036765689,-71.04144353917228,36.95
2026-09-20 07:44:05,42.15723932581477,-71.0415842598558,37.23
2026-09-20 07:44:10,42.157259265635574,-71.04171845177972,38.29
2026-09-20 07:44:15,42.157286217655354,-71.0418814368084,35.72
2026-09-20 07:44:20,42.15730372965586,-71.04204494947811,37.69
2026-09-20 07:44:25,42.15731814850042,-71.0422143442167,34.97
2026-09-20 07:44:30,42.15733472506936,-71.04231793293842,38.1
2026-09-20 07:44:35,42.15735629466455,-71.04248425661358,35.35
2026-09-20 07:44:40,42.15738956856889,-71.04256811296622,38.95
2026-09-20 07:44:45,42.15741622586729,-71.04271546665923,36.7
2026-09-20 07:44:50,42.15741682498246,-71.04280490688885,38.06
2026-09-20 07:44:55,42.157456538483004,-71.04294416386709,37.91
2026-09-20 07:45:00,42.157488149509575,-71.04311195998216,36.72
2026-09-20 07:45:05,42.15748550530006,-71.04321274923889,36.81
2026-09-20 07:45:10,42.15751802020873,-71.04331091837037,36.46
2026-09-20 07:45:15,42.15753285475569,-71.04346364197296,37.8
2026-09-20 07:45:20,42.157537240520654,-71.0436029321529,36.87
2026-09-20 07:45:25,42.15754862129873,-71.04375584277777,36.6
2026-09-20 07:45:30,42.15755129092699,-71.0438902937466,37.74
2026-09-20 07:45:35,42.157561938322814,-71.04401938914393,36.64
2026-09-20 07:45:40,42.15756432974655,-71.04415931369559,37.15
2026-09-20 07:45:45,42.15755554635226,-71.04433381443046,37.56
2026-09-20 07:45:50,42.157515246267224,-71.04447907197105,37.03
2026-09-20 07:45:55,42.15751757656239,-71.04459396548636,37.22
2026-09-20 07:46:00,42.1575021603467,-71.0447302656228,38.91
2026-09-20 07:46:05,42.157504879105836,-71.04486922682818,37.59
2026-09-20 07:46:10,42.15750042413253,-71.04502225281169,37.55
2026-09-20 07:46:15,42.157479479275345,-71.04516752853488,37.78
2026-09-20 07:46:20,42.15748050667783,-71.04526498417273,38.36
2026-09-20 07:46:25,42.15746524640053,-71.04542229312271,37.26
2026-09-20 07:46:30,42.15744728451176,-71.04553546299081,38.52
2026-09-20 07:46:35,42.1574220704249,-71.04566422367792,38.48
2026-09-20 07:46:40,42.157426729332194,-71.04578799915947,36.94
2026-09-20 07:46:45,42.15738752097109,-71.04593446570105,39.91
2026-09-20 07:46:50,42.1573531789465,-71.0460715829937,39.74
2026-09-20 07:46:55,42.15730089144192,-71.04620013845776,38.04
2026-09-20 07:47:00,42.15728098914079,-71.04634040684986,37.89
2026-09-20 07:47:05,42.157236262864814,-71.04646012882941,39.08
2026-09-20 07:47:10,42.15719156078449,-71.04657639831021,37.86
2026-09-20 07:47:15,42.15714411061376,-71.04665171664075,40.21
2026-09-20 07:47:20,42.15710487345029,-71.04677117121769,38.86
2026-09-20 07:47:25,42.15704076274432,-71.0469417133405,40.65
2026-09-20 07:47:30,42.156957398680646,-71.04703915970887,38.81
2026-09-20 07:47:35,42.15691935701625,-71.047168224079,39.51
2026-09-20 07:47:40,42.15683448126407,-71.047244406303,40.73
2026-09-20 07:47:45,42.15679961039404,-71.04733268217683,39.58
2026-09-20 07:47:50,42.15677518877294,-71.04746686607925,40.19
2026-09-20 07:47:55,42.15671879705853,-71.0475714021755,40.97
2026-09-20 07:48:00,42.15668615041879,-71.04770622632796,39.78
2026-09-20 07:48:05,42.15662853127129,-71.04782621956397,39.34
2026-09-20 07:48:10,42.15659747360131,-71.04792954988926,39.31
2026-09-20 07:48:15,42.15652867601873,-71.04802176382786,41.08
2026-09-20 07:48:20,42.15642471725248,-71.04811827642963,41.05
2026-09-20 07:48:25,42.15635892107848,-71.04823326768498,41.72
2026-09-20 07:48:30,42.156322610818734,-71.04829058662976,40.79
2026-09-20 07:48:35,42.1562640397667,-71.04841415895861,39.99
2026-09-20 07:48:40,42.156185366956635,-71.04856608759664,39.39
2026-09-20 07:48:45,42.15611972566269,-71.0487125213283,43.69
2026-09-20 07:48:50,42.15606359933059,-71.04878986422459,41.95
2026-09-20 07:48:55,42.15598730263018,-71.04890276703632,41.77
2026-09-20 07:49:00,42.15595673421446,-71.04900908682467,42.01
2026-09-20 07:49:05,42.15586954162519,-71.04913090088486,40.78
2026-09-20 07:49:10,42.155807269923464,-71.04924952661558,41.41
2026-09-20 07:49:15,42.1557391593981,-71.04937494413639,43.57
2026-09-20 07:49:20,42.15564387862113,-71.04946957927807,42.83
2026-09-20 07:49:25,42.15555181266961,-71.04957648300903,41.82
2026-09-20 07:49:30,42.1554833825137,-71.04966967576404,41.57
2026-09-20 07:49:35,42.15539812147919,-71.04976394242566,42.26
2026-09-20 07:49:40,42.15531469329813,-71.04987505365206,42.55
2026-09-20 07:49:45,42.15519522840274,-71.0500092966937,44.56
2026-09-20 07:49:50,42.15511432154366,-71.05014435078009,42.88
2026-09-20 07:49:55,42.15502547938695,-71.05017033085515,42.2
2026-09-20 07:50:00,42.15492902711655,-71.05023153949742,43.22
2026-09-20 07:50:05,42.15483855015266,-71.05029469966183,43.59
2026-09-20 07:50:10,42.154733179640296,-71.05040404400565,42.46
2026-09-20 07:50:15,42.15462320486926,-71.05049591698027,43.91
2026-09-20 07:50:20,42.15451795878176,-71.05060587937847,44.66
2026-09-20 07:50:25,42.15440745695071,-71.05072617512077,43.91
2026-09-20 07:50:30,42.15434184072259,-71.0508280193001,43.26
2026-09-20 07:50:35,42.15425271965757,-71.0508832964087,43.57
2026-09-20 07:50:40,42.154129422332886,-71.05094858651596,42.76
2026-09-20 07:50:45,42.15405736946073,-71.05105512199995,44.07
2026-09-20 07:50:50,42.153940891126915,-71.05114474031372,44.51
2026-09-20 07:50:55,42.153831256077446,-71.05120778779069,43.63
2026-09-20 07:51:00,42.153735578369556,-71.05130045985683,45.98
2026-09-20 07:51:05,42.15358858125679,-71.05137627506323,45.14
2026-09-20 07:51:10,42.153470709122395,-71.05144295815083,43.15
2026-09-20 07:51:15,42.15334581152225,-71.05150834927915,43.23
2026-09-20 07:51:20,42.15323339910689,-71.05157540086083,43.93
2026-09-20 07:51:25,42.15312277187881,-71.05166227825836,46.04
2026-09-20 07:51:30,42.153003250444705,-71.05174513907964,45.56
2026-09-20 07:51:35,42.152881867849814,-71.0518401296116,46.2
2026-09-20 07:51:40,42.152780241189824,-71.05194358138013,44.96
2026-09-20 07:51:45,42.15266426401373,-71.0520112879719,44.83
2026-09-20 07:51:50,42.15254276470777,-71.05205539260666,44.04
2026-09-20 07:51:55,42.15242217553458,-71.05214962533174,45.36
2026-09-20 07:52:00,42.15233017009316,-71.05220320078368,44.96
2026-09-20 07:52:05,42.15220818948941,-71.0522430238118,44.96
2026-09-20 07:52:10,42.15207332301556,-71.05234295453525,46.47
2026-09-20 07:52:15,42.15191322973546,-71.05240424568623,45.1
2026-09-20 07:52:20,42.1517606193314,-71.0524186183961,46.28
2026-09-20 07:52:25,42.1516241163464,-71.05245705814431,43.96
2026-09-20 07:52:30,42.151493113913844,-71.05255086968212,47.39
2026-09-20 07:52:35,42.151353550441904,-71.05258330076704,44.95
2026-09-20 07:52:40,42.15122912277477,-71.05264712011444,45.82
2026-09-20 07:52:45,42.151087929369446,-71.05267523439863,45.94
2026-09-20 07:52:50,42.15094002588562,-71.052734136174,44.84
2026-09-20 07:52:55,42.15081818429712,-71.05277622481074,45.89
2026-09-20 07:53:00,42.150708964510116,-71.05282793664254,45.91
2026-09-20 07:53:05,42.150555870923945,-71.05286509063816,44.63
2026-09-20 07:53:10,42.15042584046239,-71.05291387815714,44.61
2026-09-20 07:53:15,42.150257722597146,-71.05295273686524,45.18
2026-09-20 07:53:20,42.15009663308559,-71.05301221313057,45.02
2026-09-20 07:53:25,42.14995055922963,-71.05303056394877,46.19
2026-09-20 07:53:30,42.14983417680487,-71.05305450732827,45.6
2026-09-20 07:53:35,42.14968392868011,-71.05311884986817,44.93
2026-09-20 07:53:40,42.14953264212859,-71.0531198106843,45.42
2026-09-20 07:53:45,42.14939589659265,-71.05314647992508,43.25
2026-09-20 07:53:50,42.14925884031345,-71.05316331406259,44.34
2026-09-20 07:53:55,42.14910711073146,-71.05316406644515,45.0
2026-09-20 07:54:00,42.14900355712933,-71.05317323411508,45.59
2026-09-20 07:54:05,42.14886039968891,-71.05316079148245,44.79
2026-09-20 07:54:10,42.14872365253841,-71.05318085905958,45.72
2026-09-20 07:54:15,42.14857771037244,-71.05316773902157,45.17
2026-09-20 07:54:20,42.14844632619414,-71.05317422683586,44.01
2026-09-20 07:54:25,42.148328711146156,-71.05316975773042,44.2
2026-09-20 07:54:30,42.1482184908113,-71.05316585330493,44.55
2026-09-20 07:54:35,42.14806579068876,-71.05314032250115,43.78
2026-09-20 07:54:40,42.14794561734129,-71.05312514694812,45.26
2026-09-20 07:54:45,42.1478157961831,-71.05313553537376,43.05
2026-09-20 07:54:50,42.14769341734127,-71.05314871005393,44.09
2026-09-20 07:54:55,42.147552439936284,-71.05314604823779,44.32
2026-09-20 07:55:00,42.14740987164452,-71.0531582466922,43.38
2026-09-20 07:55:05,42.14728703215013,-71.05317544471404,43.08
2026-09-20 07:55:10,42.14716465449374,-71.05321612402106,43.34
2026-09-20 07:55:15,42.14705311724409,-71.05324127232241,43.94
2026-09-20 07:55:20,42.146917867177635,-71.05318119661149,42.77
2026-09-20 07:55:25,42.14677749314797,-71.05318153432566,42.19
2026-09-20 07:55:30,42.1465962308076,-71.05311963609743,43.84
2026-09-20 07:55:35,42.146430076125796,-71.05309124062774,43.11
2026-09-20 07:55:40,42.14628549799328,-71.05307165579926,43.47
2026-09-20 07:55:45,42.146128893660745,-71.053084415739,43.14
2026-09-20 07:55:50,42.146006127786784,-71.05305982405838,44.15
2026-09-20 07:55:55,42.145846615006455,-71.05298887311791,43.16
2026-09-20 07:56:00,42.14570165431157,-71.05292396134472,41.55
2026-09-20 07:56:05,42.14555782285603,-71.05288746708104,42.37
2026-09-20 07:56:10,42.145443599561744,-71.05288268593435,41.41
2026-09-20 07:56:15,42.145298181157195,-71.05287155902356,41.35
2026-09-20 07:56:20,42.145171830735094,-71.05285614296578,40.44
2026-09-20 07:56:25,42.145041546639106,-71.05278867085285,41.2
2026-09-20 07:56:30,42.144924213601335,-71.0527110537384,41.72
2026-09-20 07:56:35,42.14480656168208,-71.0526654909865,41.09
2026-09-20 07:56:40,42.144674098408174,-71.05262990136887,40.12
2026-09-20 07:56:45,42.14451322941669,-71.0525488660811,39.63
2026-09-20 07:56:50,42.144378653429165,-71.05252564654008,42.39
2026-09-20 07:56:55,42.14424849712074,-71.05247636732787,40.82
2026-09-20 07:57:00,42.14412443364443,-71.05241563946615,39.75
2026-09-20 07:57:05,42.14398324748157,-71.05238442702515,40.64
2026-09-20 07:57:10,42.143875696649474,-71.05234613132397,41.87
2026-09-20 07:57:15,42.14374926272113,-71.05230794796041,40.47
2026-09-20 07:57:20,42.14360734861141,-71.05221782004757,37.6
2026-09-20 07:57:25,42.14347439113279,-71.05211425890063,41.81
2026-09-20 07:57:30,42.143384059136544,-71.05205144156551,38.06
2026-09-20 07:57:35,42.14327255449026,-71.0519959799145,39.23
2026-09-20 07:57:40,42.14316871628134,-71.05194667501301,38.35
2026-09-20 07:57:45,42.14302931840745,-71.0518815362022,38.52
2026-09-20 07:57:50,42.14289708958593,-71.05182777606518,39.2
2026-09-20 07:57:55,42.14276601736653,-71.05176170815065,37.18
2026-09-20 07:58:00,42.14265113255117,-71.05168200088299,38.63
2026-09-20 07:58:05,42.14253105847003,-71.05162000006897,39.49
2026-09-20 07:58:10,42.14240656925203,-71.05155133385465,37.76
2026-09-20 07:58:15,42.14228539667466,-71.0514810063306,37.19
2026-09-20 07:58:20,42.1421578553628,-71.05141224529484,38.06
2026-09-20 07:58:25,42.142042222216716,-71.0513448725412,37.78
2026-09-20 07:58:30,42.14195038787174,-71.05124760289344,37.45
2026-09-20 07:58:35,42.14181385823867,-71.05120855576865,36.85
2026-09-20 07:58:40,42.14171107740208,-71.05108915431346,38.1
2026-09-20 07:58:45,42.14162762800748,-71.05100220976291,38.05
2026-09-20 07:58:50,42.14151813473038,-71.05090262798763,36.6
2026-09-20 07:58:55,42.1414039047517,-71.05079890133712,36.6
2026-09-20 07:59:00,42.14131640530857,-71.05072755191196,37.35
2026-09-20 07:59:05,42.14119689275436,-71.05065967080795,36.36
2026-09-20 07:59:10,42.14109555969785,-71.05059319238315,37.18
2026-09-20 07:59:15,42.14097783666555,-71.05050684128462,38.11
2026-09-20 07:59:20,42.140847011385716,-71.05039683867938,36.79
2026-09-20 07:59:25,42.14074765339032,-71.05031576607733,35.78
2026-09-20 07:59:30,42.14063031832239,-71.05020529412036,36.98
2026-09-20 07:59:35,42.14053633688369,-71.0501637073305,36.44
2026-09-20 07:59:40,42.14046354279295,-71.05007411845502,36.38
2026-09-20 07:59:45,42.14040518145186,-71.04994667834434,36.81
2026-09-20 07:59:50,42.140317568746845,-71.04984956877949,36.91
2026-09-20 07:59:55,42.1402476855042,-71.0497667786941,36.32
2026-09-20 08:00:00,42.14016852450761,-71.0496787478377,36.18
2026-09-20 08:00:05,42.140077274605986,-71.04964546911293,37.82
2026-09-20 08:00:10,42.13996067454165,-71.04956351556305,37.08
2026-09-20 08:00:15,42.13990777331852,-71.04943166351299,36.74
2026-09-20 08:00:20,42.13980973300469,-71.04933738519247,36.13
2026-09-20 08:00:25,42.13975585604786,-71.04923925407061,35.18
2026-09-20 08:00:30,42.139688857150475,-71.04918410374613,36.85
2026-09-20 08:00:35,42.139597094415876,-71.04911140148916,36.03
2026-09-20 08:00:40,42.13952954588194,-71.04897118574402,35.43
2026-09-20 08:00:45,42.1394955424957,-71.04884349678896,35.68
2026-09-20 08:00:50,42.1394528257741,-71.04875999983891,35.08
2026-09-20 08:00:55,42.13937604257463,-71.04865984802842,36.69
2026-09-20 08:01:00,42.139297531818215,-71.04854460867185,36.38
2026-09-20 08:01:05,42.13923498886367,-71.0484560009215,35.98
2026-09-20 08:01:10,42.139169583506344,-71.04838558558653,35.8
2026-09-20 08:01:15,42.13912984042735,-71.04827083421254,35.3
2026-09-20 08:01:20,42.139083861484515,-71.04813801685272,34.15
2026-09-20 08:01:25,42.13899719091954,-71.04800395947193,34.74
2026-09-20 08:01:30,42.138949953644236,-71.04786245899133,35.3
2026-09-20 08:01:35,42.13889341077972,-71.04777748947127,35.21
2026-09-20 08:01:40,42.1388425019003,-71.04765381264575,36.19
2026-09-20 08:01:45,42.13879716133969,-71.04753714453359,36.64
2026-09-20 08:01:50,42.13877029980726,-71.04741554239224,35.93
2026-09-20 08:01:55,42.13874146122155,-71.04729624183267,37.21
2026-09-20 08:02:00,42.138684317479196,-71.0471869104137,35.5
